[
  {
    "codigo": 1,
    "dnidri": "65412378X",
    "altadri": "19/10/2023",
    "apeldri": "Barros Núñez",
    "nombredri": "Alfredo",
    "direcciondri": "Calle Urzaiz, 2 4ºf",
    "provdri": "Pontevedra",
    "munidri": "Vigo",
    "movildri": 654789125,
    "email": "alfredo@mail.com"
  },
  {
    "codigo": 2,
    "dnidri": "55663311E",
    "altadri": "02/10/2023",
    "apeldri": "Abal Solla",
    "nombredri": "María",
    "direcciondri": "Calle Progreso, 5, 6ºa",
    "provdri": "Ourense",
    "munidri": "Ourense",
    "movildri": 722568945,
    "email": "alvaro@corre.es"
  },
  {
    "codigo": 7,
    "dnidri": "11111111H",
    "altadri": "01/10/2023",
    "apeldri": "Ruiz Solla",
    "nombredri": "Alvaro",
    "direcciondri": "Calle Santiago Mayor, 34",
    "provdri": "A Coruña",
    "munidri": "Bergondo",
    "movildri": 654789456,
    "email": "alfredo@mail.com"
  },
  {
    "codigo": 8,
    "dnidri": "Y2345678Z",
    "altadri": "31/10/2023",
    "apeldri": "Salam Alí",
    "nombredri": "Jasmina",
    "direcciondri": "Calle Muralla, 2",
    "provdri": "Lugo",
    "munidri": "Láncara",
    "movildri": 775645654,
    "email": "jasmina@cole.com"
  },
  {
    "codigo": 9,
    "dnidri": "44564564V",
    "altadri": "06/11/2023",
    "apeldri": "Santos Álvarez",
    "nombredri": "Isabel",
    "direcciondri": "Calle Solano, 23, 11ºg",
    "provdri": "Madrid",
    "munidri": "Madrid",
    "movildri": 756789456,
    "email": "isabel@correo.com"
  },
  {
    "codigo": 10,
    "dnidri": "56464123C",
    "altadri": "07/12/2023",
    "apeldri": "González Arias",
    "nombredri": "Luis",
    "direcciondri": "Calle Sentana, 2",
    "provdri": "Asturias",
    "munidri": "Avilés",
    "movildri": 632514652,
    "email": "luis@caspio.com"
  },
  {
    "codigo": 11,
    "dnidri": "Z8927237E",
    "altadri": "03/11/2023",
    "apeldri": "Ninahuam Lopera",
    "nombredri": "Agustín José",
    "direcciondri": "Calle Damaso Alonso, 34",
    "provdri": "Cáceres",
    "munidri": "Cabañas del Castillo",
    "movildri": 775266923,
    "email": "agustin@social.com"
  },
  {
    "codigo": 12,
    "dnidri": "00504239X",
    "altadri": "30/10/2023",
    "apeldri": "Pérez Segarra",
    "nombredri": "Daniel",
    "direcciondri": "Calle Manga Del Mar Menor, 12 8ºa",
    "provdri": "Murcia",
    "munidri": "Caravaca de la Cruz",
    "movildri": 654123489,
    "email": "daniel@lopero.com"
  },
  {
    "codigo": 13,
    "dnidri": "19727411N",
    "altadri": "06/09/2023",
    "apeldri": "García Hernández",
    "nombredri": "María",
    "direcciondri": "Calle Olmedo, 4",
    "provdri": "Pontevedra",
    "munidri": "Vigo",
    "movildri": 775648954,
    "email": "maria@gmail.es"
  },
  {
    "codigo": 14,
    "dnidri": "78152003G",
    "altadri": "29/09/2023",
    "apeldri": "Castro Penelas",
    "nombredri": "José",
    "direcciondri": "Calle Lameiriña, 23 2ºa",
    "provdri": "Pontevedra",
    "munidri": "Marín",
    "movildri": 658965895,
    "email": "jose@social.com"
  },
  {
    "codigo": 15,
    "dnidri": "55091012D",
    "altadri": "05/10/2023",
    "apeldri": "Abalde Alonso",
    "nombredri": "Antonio",
    "direcciondri": "Avenida De Castrelos, 12",
    "provdri": "Pontevedra",
    "munidri": "Vigo",
    "movildri": 654321456,
    "email": "antonio@gmail.bt"
  },
  {
    "codigo": 16,
    "dnidri": "49455203M",
    "altadri": "01/11/2023",
    "apeldri": "Lora Vasco",
    "nombredri": "Isaura",
    "direcciondri": "Calle Gomera, 12",
    "provdri": "Santa Cruz de Tenerife",
    "munidri": "San Sebastián de la Gomera",
    "movildri": 654321987,
    "email": "isaura@mail.com"
  },
  {
    "codigo": 17,
    "dnidri": "Z8571931C",
    "altadri": "25/09/2023",
    "apeldri": "Zakarova",
    "nombredri": "Alexandra",
    "direcciondri": "Calle Preciados, 1 10º G",
    "provdri": "Madrid",
    "munidri": "Madrid",
    "movildri": 654321489,
    "email": "alexandra@social.com"
  },
  {
    "codigo": 18,
    "dnidri": "21480233G",
    "altadri": "30/08/2023",
    "apeldri": "Franco Gil",
    "nombredri": "Jose María",
    "direcciondri": "Calle Sidra, 12 4º A",
    "provdri": "Asturias",
    "munidri": "Avilés",
    "movildri": 775665859,
    "email": "jmaria@caspio.com"
  },
  {
    "codigo": 19,
    "dnidri": "78262652T",
    "altadri": "17/08/2023",
    "apeldri": "Sancho Gracia",
    "nombredri": "Ana",
    "direcciondri": "Calle Faisán, 12 1ºb",
    "provdri": "Alicante",
    "munidri": "Aigües",
    "movildri": 658956234,
    "email": "ana@fico.com"
  },
  {
    "codigo": 20,
    "dnidri": "32946372E",
    "altadri": "13/09/2023",
    "apeldri": "Ros Pujol",
    "nombredri": "Jaume",
    "direcciondri": "Calle Albufera, 23 1º A",
    "provdri": "Valencia",
    "munidri": "Carcaixent",
    "movildri": 654321789,
    "email": "jaume@arroba.com"
  },
  {
    "codigo": 21,
    "dnidri": "Z7900384G",
    "altadri": "06/09/2023",
    "apeldri": "Obongo Aluba",
    "nombredri": "Samuel",
    "direcciondri": "Calle Pilarica, 34 2ºa",
    "provdri": "Zaragoza",
    "munidri": "Villanueva de Huerva",
    "movildri": 654321456,
    "email": "samuel@fico.com"
  },
  {
    "codigo": 22,
    "dnidri": "75930825M",
    "altadri": "15/09/2023",
    "apeldri": "Botella Solís",
    "nombredri": "María Del Carmen",
    "direcciondri": "Calle Quijote, 3",
    "provdri": "Toledo",
    "munidri": "Talavera de la Reina",
    "movildri": 789456132,
    "email": "mariadelcarmen@gmail.com"
  },
  {
    "codigo": 23,
    "dnidri": "16562829T",
    "altadri": "02/11/2023",
    "apeldri": "Sáez Aspas",
    "nombredri": "Alfredo",
    "direcciondri": "Calle Laguna, 23",
    "provdri": "Palencia",
    "munidri": "Aguilar de Campoo",
    "movildri": 659856234,
    "email": "alfredo@maul.com"
  },
  {
    "codigo": 24,
    "dnidri": "Y6382360N",
    "altadri": "30/10/2023",
    "apeldri": "Faro Dacosta",
    "nombredri": "Jesús",
    "direcciondri": "Calle Costa, 5  2º F",
    "provdri": "Lugo",
    "munidri": "Viveiro",
    "movildri": 774578974,
    "email": "kunta@yahoo.net"
  },
  {
    "codigo": 25,
    "dnidri": "Z8521710P",
    "altadri": "31/10/2023",
    "apeldri": "Aluya Salá",
    "nombredri": "Kunta",
    "direcciondri": "Calle Preciados, 12 6ºd",
    "provdri": "Madrid",
    "munidri": "Madrid",
    "movildri": 654789159,
    "email": "andreu@microchof.com"
  },
  {
    "codigo": 26,
    "dnidri": "69888610M",
    "altadri": "01/11/2023",
    "apeldri": "Sánchez Coll",
    "nombredri": "Andreu",
    "direcciondri": "Calle Juderías, 3 2ºa",
    "provdri": "Girona",
    "munidri": "Girona",
    "movildri": 652235648,
    "email": "sara@microchof.com"
  },
  {
    "codigo": 27,
    "dnidri": "36652671D",
    "altadri": "03/10/2023",
    "apeldri": "Santos Comesaña",
    "nombredri": "Sara",
    "direcciondri": "Calle Franco, 4 1ºa",
    "provdri": "A Coruña",
    "munidri": "Santiago de Compostela",
    "movildri": 639852147,
    "email": "sara@mail.com"
  },
  {
    "codigo": 28,
    "dnidri": "82606388W",
    "altadri": "20/11/2023",
    "apeldri": "Soto Garrido",
    "nombredri": "Alberto",
    "direcciondri": "Calle Montero Ríos, 12 1ºa",
    "provdri": "Pontevedra",
    "munidri": "Pontevedra",
    "movildri": 654741963,
    "email": "alberto@berto.com"
  },
  {
    "codigo": 29,
    "dnidri": "X6623172T",
    "altadri": "02/11/2023",
    "apeldri": "Ali Burrei",
    "nombredri": "Salam",
    "direcciondri": "Calle Principal, 3 2ºe",
    "provdri": "Barcelona",
    "munidri": "Hospitalet de Llobregat, L'",
    "movildri": 653256455,
    "email": "salman@lopero.com"
  },
  {
    "codigo": 30,
    "dnidri": "83452899K",
    "altadri": "30/10/2023",
    "apeldri": "Sáez Heredia",
    "nombredri": "Herminia",
    "direcciondri": "Calle Sidra, 24 5ºc",
    "provdri": "Asturias",
    "munidri": "Avilés",
    "movildri": 757898569,
    "email": "herminia@hermi.com"
  },
  {
    "codigo": 39,
    "dnidri": "59257832B",
    "altadri": "31/12/2022",
    "apeldri": "López",
    "nombredri": "Jennifer",
    "direcciondri": "Calle Vieja, 11",
    "provdri": "Ourense",
    "munidri": "Ourense",
    "movildri": 722568945,
    "email": "jenni@fer.com"
  },
  {
    "codigo": 42,
    "dnidri": "90794573A",
    "altadri": "12/09/2023",
    "apeldri": "Swift",
    "nombredri": "Taylor",
    "direcciondri": "Calle de Arriba, 14",
    "provdri": "Zaragoza",
    "munidri": "Calpe",
    "movildri": 654321457,
    "email": "taylor@correo.com"
  },
  {
    "codigo": 43,
    "dnidri": "55666566B",
    "altadri": "16/12/2023",
    "apeldri": "Mick",
    "nombredri": "Jagger",
    "direcciondri": "Calle de Abajo, 29",
    "provdri": "Cáceres",
    "munidri": "Trujillo",
    "movildri": 654321458,
    "email": "jagger@yahoo.bt"
  }
]