[
    {"id": 1, "nombre": "Portátil HP Pavilion", "precio_euros": 799.99},
    {"id": 2, "nombre": "Monitor ASUS 24 pulgadas", "precio_euros": 179.99},
    {"id": 3, "nombre": "Teclado mecánico Logitech G Pro", "precio_euros": 129.95},
    {"id": 4, "nombre": "Mouse inalámbrico Microsoft Arc", "precio_euros": 59.99},
    {"id": 5, "nombre": "Disco duro SSD Samsung 500GB", "precio_euros": 89.99},
    {"id": 6, "nombre": "Tarjeta gráfica NVIDIA GeForce RTX 3070", "precio_euros": 499.99},
    {"id": 7, "nombre": "Auriculares gaming HyperX Cloud II", "precio_euros": 99.95},
    {"id": 8, "nombre": "Router Wi-Fi TP-Link Archer C7", "precio_euros": 79.99},
    {"id": 9, "nombre": "Impresora multifunción Epson EcoTank", "precio_euros": 249.99},
    {"id": 10, "nombre": "Altavoces Bluetooth Bose SoundLink", "precio_euros": 149.50},
    {"id": 11, "nombre": "Procesador AMD Ryzen 5 5600X", "precio_euros": 269.00},
    {"id": 12, "nombre": "Placa base ASUS ROG Strix B550-F", "precio_euros": 189.99},
    {"id": 13, "nombre": "Webcam Logitech C920 HD Pro", "precio_euros": 79.95},
    {"id": 14, "nombre": "Memoria RAM Corsair Vengeance 16GB", "precio_euros": 89.75},
    {"id": 15, "nombre": "Caja PC NZXT H510", "precio_euros": 79.99},
    {"id": 16, "nombre": "Silla gaming DXRacer Formula Series", "precio_euros": 299.99},
    {"id": 17, "nombre": "Micrófono USB Blue Yeti", "precio_euros": 129.99},
    {"id": 18, "nombre": "Dispositivo de almacenamiento NAS Synology DS920+", "precio_euros": 549.00},
    {"id": 19, "nombre": "Laptop Dell XPS 13", "precio_euros": 1299.00},
    {"id": 20, "nombre": "Tarjeta madre MSI MPG B550 Gaming Edge", "precio_euros": 159.99},
    {"id": 21, "nombre": "Ratón gaming Razer DeathAdder Elite", "precio_euros": 69.99},
    {"id": 22, "nombre": "Teclado inalámbrico Apple Magic Keyboard", "precio_euros": 119.00},
    {"id": 23, "nombre": "Monitor curvo Samsung Odyssey G7", "precio_euros": 699.99},
    {"id": 24, "nombre": "Tarjeta de sonido externa Creative Sound BlasterX G6", "precio_euros": 149.95},
    {"id": 25, "nombre": "SSD externo SanDisk Extreme 1TB", "precio_euros": 149.99},
    {"id": 26, "nombre": "Proyector Epson Home Cinema 5050UB", "precio_euros": 2399.00},
    {"id": 27, "nombre": "Monitor ultra ancho LG 34WN80C-B", "precio_euros": 549.99},
    {"id": 28, "nombre": "Cámara Logitech BRIO Ultra HD Pro", "precio_euros": 199.99},
    {"id": 29, "nombre": "Auriculares inalámbricos Sony WH-1000XM4", "precio_euros": 349.99},
    {"id": 30, "nombre": "Teclado mecánico Corsair K95 RGB Platinum XT", "precio_euros": 199.99},
    {"id": 31, "nombre": "Laptop MSI GS66 Stealth", "precio_euros": 1799.00},
    {"id": 32, "nombre": "Tarjeta gráfica AMD Radeon RX 6700 XT", "precio_euros": 479.00},
    {"id": 33, "nombre": "Router gaming ASUS ROG Rapture GT-AX11000", "precio_euros": 449.99},
    {"id": 34, "nombre": "Impresora 3D Creality Ender 3", "precio_euros": 199.99},
    {"id": 35, "nombre": "Monitor OLED Alienware 34 QD-OLED", "precio_euros": 1299.00},
    {"id": 36, "nombre": "Teclado gaming SteelSeries Apex Pro", "precio_euros": 179.99},
    {"id": 37, "nombre": "Mouse ergonómico vertical Anker", "precio_euros": 24.99},
    {"id": 38, "nombre": "Tableta gráfica Wacom Intuos Pro", "precio_euros": 349.95},
    {"id": 39, "nombre": "Caja PC Corsair Crystal Series 680X", "precio_euros": 259.99},
    {"id": 40, "nombre": "Auriculares con cancelación de ruido Bose QuietComfort 35 II", "precio_euros": 299.00},
    {"id": 41, "nombre": "Procesador Intel Core i7-10700K", "precio_euros": 349.99},
    {"id": 42, "nombre": "Tarjeta madre Gigabyte Z390 AORUS PRO", "precio_euros": 189.99},
    {"id": 43, "nombre": "Altavoces Logitech Z623", "precio_euros": 149.99},
    {"id": 44, "nombre": "Micrófono Blue Yeti Nano", "precio_euros": 69.95},
    {"id": 45, "nombre": "Alfombrilla para mouse Razer Goliathus", "precio_euros": 29.99},
    {"id": 46, "nombre": "Cámara de seguridad Nest Cam Outdoor", "precio_euros": 199.00},
    {"id": 47, "nombre": "Teclado mecánico Razer BlackWidow Elite", "precio_euros": 159.99},
    {"id": 48, "nombre": "Disco duro externo WD Black 4TB", "precio_euros": 169.99},
    {"id": 49, "nombre": "Laptop Lenovo Legion Y540", "precio_euros": 999.00},
    {"id": 50, "nombre": "Tarjeta gráfica Zotac Gaming GeForce GTX 1660", "precio_euros": 239.00}
  ]
  