[
 {
  "customerID": "ALFKI",
  "companyName": "Alfreds Futterkiste",
  "contactName": "Maria Anders",
  "contactTitle": "Sales Representative",
  "address": "Lengeder Str. 56",
  "city": "Berlin",
  "postalCode": 12209,
  "phone": "030-0074321"
 },
 {
  "customerID": "ANATR",
  "companyName": "Ana Trujillo Emparedados y helados",
  "contactName": "Ana Trujillo",
  "contactTitle": "Owner",
  "address": "Avda. de la Constitución 2222",
  "city": "Granada",
  "postalCode": 5021,
  "phone": "(5) 555-4729"
 },
 {
  "customerID": "ANTON",
  "companyName": "Antonio Moreno Taquería",
  "contactName": "Antonio Moreno",
  "contactTitle": "Owner",
  "address": "Mataderos  2312",
  "city": "México D.F.",
  "postalCode": 5023,
  "phone": "(5) 555-3932"
 },
 {
  "customerID": "AROUT",
  "companyName": "Around the Horn",
  "contactName": "Thomas Hardy",
  "contactTitle": "Sales Representative",
  "address": "120 Hanover Sq.",
  "city": "London",
  "postalCode": 5023,
  "phone": "(171) 555-7788"
 },
 {
  "customerID": "BERGS",
  "companyName": "Berglunds snabbköp",
  "contactName": "Christina Berglund",
  "contactTitle": "Order Administrator",
  "address": "Berguvsvägen  8",
  "city": "Sundsvall",
  "postalCode": 5023,
  "phone": "0921-12 34 65"
 },
 {
  "customerID": "BLAUS",
  "companyName": "Blauer See Delikatessen",
  "contactName": "Hanna Moos",
  "contactTitle": "Sales Representative",
  "address": "Forster str. 57",
  "city": "Mannheim",
  "postalCode": 68306,
  "phone": "0621-08460"
 },
 {
  "customerID": "BLONP",
  "companyName": "Blondesddsl père et fils",
  "contactName": "Frédérique Citeaux",
  "contactTitle": "Marketing Manager",
  "address": "place Kléber,24",
  "city": "Strasbourg",
  "postalCode": 68306,
  "phone": "0621-08461"
 },
 {
  "customerID": "BOLID",
  "companyName": "Bólido Comidas preparadas",
  "contactName": "Martín Sommer",
  "contactTitle": "Owner",
  "address": "C\/ Araquil, 67",
  "city": "Madrid",
  "postalCode": 68306,
  "phone": "0621-08462"
 },
 {
  "customerID": "BONAP",
  "companyName": "Bon app'",
  "contactName": "Laurence Lebihan",
  "contactTitle": "Owner",
  "address": "rue des Bouchers",
  "city": "Marseille",
  "postalCode": 68306,
  "phone": "0621-08463"
 },
 {
  "customerID": "BOTTM",
  "companyName": "Bottom-Dollar Markets",
  "contactName": "Elizabeth Lincoln",
  "contactTitle": "Accounting Manager",
  "address": "23 Tsawassen Blvd.",
  "city": "Tsawassen",
  "postalCode": 68306,
  "phone": "(604) 555-4729"
 },
 {
  "customerID": "BSBEV",
  "companyName": "B's Beverages",
  "contactName": "Victoria Ashworth",
  "contactTitle": "Sales Representative",
  "address": "Fauntleroy, 23",
  "city": "Seattle",
  "postalCode": 68306,
  "phone": "(171) 555-1212"
 },
 {
  "customerID": "CACTU",
  "companyName": "Cactus Comidas para llevar",
  "contactName": "Patricio Simpson",
  "contactTitle": "Sales Agent",
  "address": "Cerrito 333",
  "city": "Buenos Aires",
  "postalCode": 1010,
  "phone": "(1) 135-5555"
 },
 {
  "customerID": "CENTC",
  "companyName": "Centro comercial Moctezuma",
  "contactName": "Francisco Chang",
  "contactTitle": "Marketing Manager",
  "address": "Sierras de Granada 9993",
  "city": "México D.F.",
  "postalCode": 5022,
  "phone": "(5) 555-3392"
 },
 {
  "customerID": "CHOPS",
  "companyName": "Chop-suey Chinese",
  "contactName": "Yang Wang",
  "contactTitle": "Owner",
  "address": "Hauptstr. 29",
  "city": "Herne",
  "postalCode": 3012,
  "phone": "0452-076545"
 },
 {
  "customerID": "COMMI",
  "companyName": "Comércio Mineiro",
  "contactName": "Pedro Afonso",
  "contactTitle": "Sales Associate",
  "address": "Av. dos Lusíadas 127",
  "city": "Braga",
  "postalCode": 3012,
  "phone": "0452-076546"
 },
 {
  "customerID": "CONSH",
  "companyName": "Consolidated Holdings",
  "contactName": "Elizabeth Brown",
  "contactTitle": "Sales Representative",
  "address": "12 Berkeley Wy",
  "city": "Saratoga",
  "postalCode": 3012,
  "phone": "(171) 555-2282"
 },
 {
  "customerID": "DRACD",
  "companyName": "Drachenblut Delikatessen",
  "contactName": "Sven Ottlieb",
  "contactTitle": "Order Administrator",
  "address": "Walserweg 21",
  "city": "Chur",
  "postalCode": 52066,
  "phone": "0241-039123"
 },
 {
  "customerID": "DUMON",
  "companyName": "Du monde entier",
  "contactName": "Janine Labrune",
  "contactTitle": "Owner",
  "address": "67 rue des Cinquante Otages",
  "city": "Nantes",
  "postalCode": 52066,
  "phone": "0241-039124"
 },
 {
  "customerID": "EASTC",
  "companyName": "Eastern Connection",
  "contactName": "Ann Devon",
  "contactTitle": "Sales Agent",
  "address": "35 King George",
  "city": "London",
  "postalCode": 52066,
  "phone": "(171) 555-0297"
 },
 {
  "customerID": "ERNSH",
  "companyName": "Ernst Handel",
  "contactName": "Roland Mendel",
  "contactTitle": "Sales Manager",
  "address": "Kirchgasse 6",
  "city": "Tubinga",
  "postalCode": 8010,
  "phone": "7675-3425"
 },
 {
  "customerID": "FAMIA",
  "companyName": "Familia Arquibaldo",
  "contactName": "Aria Cruz",
  "contactTitle": "Marketing Assistant",
  "address": "Rua Orós 92",
  "city": "Sao Paulo",
  "postalCode": 8010,
  "phone": "7675-3426"
 },
 {
  "customerID": "FISSA",
  "companyName": "FISSA Fabrica Inter. Salchichas S.A.",
  "contactName": "Diego Roel",
  "contactTitle": "Accounting Manager",
  "address": "C\/ Moralzarzal, 12",
  "city": "Alcorcón",
  "postalCode": 8010,
  "phone": "7675-3427"
 },
 {
  "customerID": "FOLIG",
  "companyName": "Folies gourmandes",
  "contactName": "Martine Rancé",
  "contactTitle": "Assistant Sales Agent",
  "address": "chaussée de Tournai 184",
  "city": "Tournai",
  "postalCode": 8010,
  "phone": "7675-3428"
 },
 {
  "customerID": "FOLKO",
  "companyName": "Folk och fä HB",
  "contactName": "Maria Larsson",
  "contactTitle": "Owner",
  "address": "Åkergatan 24",
  "city": "Turku",
  "postalCode": 8010,
  "phone": "0695-34 67 21"
 },
 {
  "customerID": "FRANK",
  "companyName": "Frankenversand",
  "contactName": "Peter Franken",
  "contactTitle": "Marketing Manager",
  "address": "Berliner Platz 43",
  "city": "Kronberg",
  "postalCode": 80805,
  "phone": "089-0877310"
 },
 {
  "customerID": "FRANR",
  "companyName": "France restauration",
  "contactName": "Carine Schmitt",
  "contactTitle": "Marketing Manager",
  "address": "5 rue Royale",
  "city": "Lille",
  "postalCode": 80805,
  "phone": "089-0877311"
 },
 {
  "customerID": "FRANS",
  "companyName": "Franchi S.p.A.",
  "contactName": "Paolo Accorti",
  "contactTitle": "Sales Representative",
  "address": "Via Monte Bianco 34",
  "city": "Milan",
  "postalCode": 10100,
  "phone": "011-4988260"
 },
 {
  "customerID": "FURIB",
  "companyName": "Furia Bacalhau e Frutos do Mar",
  "contactName": "Lino Rodriguez",
  "contactTitle": "Sales Manager",
  "address": "Jardim das rosas n. 32",
  "city": "Pontinha",
  "postalCode": 1675,
  "phone": "(1) 354-2534"
 },
 {
  "customerID": "GALED",
  "companyName": "Galería del gastrónomo",
  "contactName": "Eduardo Saavedra",
  "contactTitle": "Marketing Manager",
  "address": "Rambla de Cataluña 3",
  "city": "Barcelona",
  "postalCode": 1675,
  "phone": "(1) 354-2535"
 },
 {
  "customerID": "GODOS",
  "companyName": "Godos Cocina Típica",
  "contactName": "José Pedro Freyre",
  "contactTitle": "Sales Manager",
  "address": "C\/ Romero, 33",
  "city": "Sevilla",
  "postalCode": 1675,
  "phone": "(1) 354-2536"
 },
 {
  "customerID": "GOURL",
  "companyName": "Gourmet Lanchonetes",
  "contactName": "André Fonseca",
  "contactTitle": "Sales Associate",
  "address": "Av. Brasil, 123",
  "city": "Campinas",
  "postalCode": 1675,
  "phone": "(1) 354-2537"
 },
 {
  "customerID": "GREAL",
  "companyName": "Great Lakes Food Market",
  "contactName": "Howard Snyder",
  "contactTitle": "Marketing Manager",
  "address": "2732 Baker Blvd.",
  "city": "Eugene",
  "postalCode": 97403,
  "phone": "(503) 555-7555"
 },
 {
  "customerID": "GROSR",
  "companyName": "GROSELLA-Restaurante",
  "contactName": "Manuel Pereira",
  "contactTitle": "Owner",
  "address": "5ª Ave. Los Palos Grandes",
  "city": "Caracas",
  "postalCode": 1081,
  "phone": "(2) 283-2951"
 },
 {
  "customerID": "HANAR",
  "companyName": "Hanari Carnes",
  "contactName": "Mario Pontes",
  "contactTitle": "Accounting Manager",
  "address": "Rua do Paço 67",
  "city": "Sao Paulo",
  "postalCode": 1081,
  "phone": "(2) 283-2952"
 },
 {
  "customerID": "HILAA",
  "companyName": "HILARION-Abastos",
  "contactName": "Carlos Hernández",
  "contactTitle": "Sales Representative",
  "address": "Carrera 22 con Ave. Carlos Soublette #8-35",
  "city": "San Cristóbal",
  "postalCode": 5022,
  "phone": "(5) 555-1340"
 },
 {
  "customerID": "HUNGC",
  "companyName": "Hungry Coyote Import Store",
  "contactName": "Yoshi Latimer",
  "contactTitle": "Sales Representative",
  "address": "City Center Plaza 516 Main St.",
  "city": "Elgin",
  "postalCode": 97827,
  "phone": "(503) 555-6874"
 },
 {
  "customerID": "HUNGO",
  "companyName": "Hungry Owl All-Night Grocers",
  "contactName": "Patricia McKenna",
  "contactTitle": "Sales Associate",
  "address": "8 Johnstown Road",
  "city": "Johnstown",
  "postalCode": 97827,
  "phone": "2967 542"
 },
 {
  "customerID": "ISLAT",
  "companyName": "Island Trading",
  "contactName": "Helen Bennett",
  "contactTitle": "Marketing Manager",
  "address": "Garden House Crowther Way",
  "city": "Cowes",
  "postalCode": 97827,
  "phone": "(198) 555-8888"
 },
 {
  "customerID": "KOENE",
  "companyName": "Königlich Essen",
  "contactName": "Philip Cramer",
  "contactTitle": "Sales Associate",
  "address": "Maubelstr. 90",
  "city": "Brandenburg",
  "postalCode": 14776,
  "phone": "0555-09876"
 },
 {
  "customerID": "LACOR",
  "companyName": "La corne d'abondance",
  "contactName": "Daniel Tonini",
  "contactTitle": "Sales Representative",
  "address": "67 avenue de l'Europe",
  "city": "Tours",
  "postalCode": 14776,
  "phone": "0555-09877"
 },
 {
  "customerID": "LAMAI",
  "companyName": "La maison d'Asie",
  "contactName": "Annette Roulet",
  "contactTitle": "Sales Manager",
  "address": "1 rue Alsace-Lorraine",
  "city": "Rúan",
  "postalCode": 31000,
  "phone": "61.77.61.10"
 },
 {
  "customerID": "LAUGB",
  "companyName": "Laughing Bacchus Wine Cellars",
  "contactName": "Yoshi Tannamuri",
  "contactTitle": "Marketing Assistant",
  "address": "1900 Oak St.",
  "city": "Greensboro",
  "postalCode": 31000,
  "phone": "(604) 555-3392"
 },
 {
  "customerID": "LAZYK",
  "companyName": "Lazy K Kountry Store",
  "contactName": "John Steel",
  "contactTitle": "Marketing Manager",
  "address": "12 Orchestra Terrace",
  "city": "Indianápolis",
  "postalCode": 99362,
  "phone": "(509) 555-7969"
 },
 {
  "customerID": "LEHMS",
  "companyName": "Lehmanns Marktstand",
  "contactName": "Renate Messner",
  "contactTitle": "Sales Representative",
  "address": "Magazinweg 7",
  "city": "Linz",
  "postalCode": 60528,
  "phone": "069-0245984"
 },
 {
  "customerID": "LETSS",
  "companyName": "Let's Stop N Shop",
  "contactName": "Jaime Yorres",
  "contactTitle": "Owner",
  "address": "87 Polk St. Suite 5",
  "city": "Hudsonville",
  "postalCode": 94117,
  "phone": "(415) 555-5938"
 },
 {
  "customerID": "LILAS",
  "companyName": "LILA-Supermercado",
  "contactName": "Carlos González",
  "contactTitle": "Accounting Manager",
  "address": "Carrera 52 con Ave. Bolívar #65-98 Llano Largo",
  "city": "Barquisimeto",
  "postalCode": 3508,
  "phone": "(9) 331-6954"
 },
 {
  "customerID": "LINOD",
  "companyName": "LINO-Delicateses",
  "contactName": "Felipe Izquierdo",
  "contactTitle": "Owner",
  "address": "5 de Mayo Porlamar",
  "city": "Mexico",
  "postalCode": 4980,
  "phone": "(8) 34-56-12"
 },
 {
  "customerID": "LONEP",
  "companyName": "Lonesome Pine Restaurant",
  "contactName": "Fran Wilson",
  "contactTitle": "Sales Manager",
  "address": "89 Chiaroscuro Rd.",
  "city": "Portland",
  "postalCode": 97219,
  "phone": "(503) 555-9573"
 },
 {
  "customerID": "MAGAA",
  "companyName": "Magazzini Alimentari Riuniti",
  "contactName": "Giovanni Rovelli",
  "contactTitle": "Marketing Manager",
  "address": "Via Ludovico il Moro 22",
  "city": "Casalmoro",
  "postalCode": 24100,
  "phone": "035-640230"
 },
 {
  "customerID": "MAISD",
  "companyName": "Maison Dewey",
  "contactName": "Catherine Dewey",
  "contactTitle": "Sales Agent",
  "address": "Rue Joseph-Bens 532",
  "city": "Uccle",
  "postalCode": 24100,
  "phone": "(02) 201 24 67"
 },
 {
  "customerID": "MEREP",
  "companyName": "Mère Paillarde",
  "contactName": "Jean Fresnière",
  "contactTitle": "Marketing Assistant",
  "address": "43 rue St. Laurent",
  "city": "Drummondville",
  "postalCode": 24100,
  "phone": "(514) 555-8054"
 },
 {
  "customerID": "MORGK",
  "companyName": "Morgenstern Gesundkost",
  "contactName": "Alexander Feuer",
  "contactTitle": "Marketing Assistant",
  "address": "Heerstr. 22",
  "city": "Berlin",
  "postalCode": 4179,
  "phone": "0342-023176"
 },
 {
  "customerID": "NORTS",
  "companyName": "North\/South",
  "contactName": "Simon Crowther",
  "contactTitle": "Sales Associate",
  "address": "South House 300 Queensbridge",
  "city": "Kenett Square",
  "postalCode": 4179,
  "phone": "(171) 555-7733"
 },
 {
  "customerID": "OCEAN",
  "companyName": "Océano Atlántico Ltda.",
  "contactName": "Yvonne Moncada",
  "contactTitle": "Sales Agent",
  "address": "Ing. Gustavo Moncada 8585 Piso 20-A",
  "city": "Buenos Aires",
  "postalCode": 1010,
  "phone": "(1) 135-5333"
 },
 {
  "customerID": "OLDWO",
  "companyName": "Old World Delicatessen",
  "contactName": "Rene Phillips",
  "contactTitle": "Sales Representative",
  "address": "2743 Bering St.",
  "city": "Houston",
  "postalCode": 99508,
  "phone": "(907) 555-7584"
 },
 {
  "customerID": "OTTIK",
  "companyName": "Ottilies Käseladen",
  "contactName": "Henriette Pfalzheim",
  "contactTitle": "Owner",
  "address": "Mehrheimerstr. 369",
  "city": "Nippes",
  "postalCode": 50739,
  "phone": "0221-0644327"
 },
 {
  "customerID": "PARIS",
  "companyName": "Paris spécialités",
  "contactName": "Marie Bertrand",
  "contactTitle": "Owner",
  "address": "265 boulevard Charonne",
  "city": "Paris",
  "postalCode": 50739,
  "phone": "0221-0644328"
 },
 {
  "customerID": "PERIC",
  "companyName": "Pericles Comidas clásicas",
  "contactName": "Guillermo Fernández",
  "contactTitle": "Sales Representative",
  "address": "Calle Dr. Jorge Cash 321",
  "city": "Zaragoza",
  "postalCode": 5033,
  "phone": "0221-0644329"
 },
 {
  "customerID": "PICCO",
  "companyName": "Piccolo und mehr",
  "contactName": "Georg Pipps",
  "contactTitle": "Sales Manager",
  "address": "Geislweg 14",
  "city": "Salzburg",
  "postalCode": 5020,
  "phone": "6562-9722"
 },
 {
  "customerID": "PRINI",
  "companyName": "Princesa Isabel Vinhos",
  "contactName": "Isabel de Castro",
  "contactTitle": "Sales Representative",
  "address": "Estrada da saúde n. 58",
  "city": "Faro",
  "postalCode": 1756,
  "phone": "6562-9723"
 },
 {
  "customerID": "QUEDE",
  "companyName": "Que Delícia",
  "contactName": "Bernardo Batista",
  "contactTitle": "Accounting Manager",
  "address": "Rua da Panificadora 12",
  "city": "Peniche",
  "postalCode": 1756,
  "phone": "(1) 356-5634"
 },
 {
  "customerID": "QUEEN",
  "companyName": "Queen Cozinha",
  "contactName": "Lúcia Carvalho",
  "contactTitle": "Marketing Assistant",
  "address": "Alameda dos Canàrios 122",
  "city": "Igaratá",
  "postalCode": 1756,
  "phone": "(1) 356-5635"
 },
 {
  "customerID": "QUICK",
  "companyName": "QUICK-Stop",
  "contactName": "Horst Kloss",
  "contactTitle": "Accounting Manager",
  "address": "Taucherstraße 10",
  "city": "Bautzen",
  "postalCode": 1307,
  "phone": "0372-035188"
 },
 {
  "customerID": "RANCH",
  "companyName": "Rancho grande",
  "contactName": "Sergio Gutiérrez",
  "contactTitle": "Sales Representative",
  "address": "Av. del Libertador 900",
  "city": "Buenos Aires",
  "postalCode": 1010,
  "phone": "(1) 123-5555"
 },
 {
  "customerID": "RATTC",
  "companyName": "Rattlesnake Canyon Grocery",
  "contactName": "Paula Wilson",
  "contactTitle": "Assistant Sales Representative",
  "address": "2817 Milton Dr.",
  "city": "Aston",
  "postalCode": 87110,
  "phone": "(505) 555-5939"
 },
 {
  "customerID": "REGGC",
  "companyName": "Reggiani Caseifici",
  "contactName": "Maurizio Moroni",
  "contactTitle": "Sales Associate",
  "address": "Strada Provinciale 124",
  "city": "Taranto",
  "postalCode": 42100,
  "phone": "0522-556721"
 },
 {
  "customerID": "RICAR",
  "companyName": "Ricardo Adocicados",
  "contactName": "Janete Limeira",
  "contactTitle": "Assistant Sales Agent",
  "address": "Av. Copacabana 267",
  "city": "Río de Janeiro",
  "postalCode": 42100,
  "phone": "0522-556722"
 },
 {
  "customerID": "RICSU",
  "companyName": "Richter Supermarkt",
  "contactName": "Michael Holz",
  "contactTitle": "Sales Manager",
  "address": "Grenzacherweg 237",
  "city": "Muttenz",
  "postalCode": 42100,
  "phone": "0897-034214"
 },
 {
  "customerID": "ROMEY",
  "companyName": "Romero y tomillo",
  "contactName": "Alejandra Camino",
  "contactTitle": "Accounting Manager",
  "address": "Gran Vía 1",
  "city": "Madrid",
  "postalCode": 42100,
  "phone": "0897-034215"
 },
 {
  "customerID": "SANTG",
  "companyName": "Santé Gourmet",
  "contactName": "Jonas Bergulfsen",
  "contactTitle": "Owner",
  "address": "Erling Skakkes gate 78",
  "city": "Trondheim",
  "postalCode": 4110,
  "phone": "07-98 92 35"
 },
 {
  "customerID": "SAVEA",
  "companyName": "Save-a-lot Markets",
  "contactName": "Jose Pavarotti",
  "contactTitle": "Sales Representative",
  "address": "187 Suffolk Ln.",
  "city": "Staten Island",
  "postalCode": 83720,
  "phone": "(208) 555-8097"
 },
 {
  "customerID": "SEVES",
  "companyName": "Seven Seas Imports",
  "contactName": "Hari Kumar",
  "contactTitle": "Sales Manager",
  "address": "90 Wadhurst Rd.",
  "city": "Manchester",
  "postalCode": 83720,
  "phone": "(171) 555-1717"
 },
 {
  "customerID": "SIMOB",
  "companyName": "Simons bistro",
  "contactName": "Jytte Petersen",
  "contactTitle": "Owner",
  "address": "Vinbæltet 34",
  "city": "Kobenhavn",
  "postalCode": 83720,
  "phone": "31 12 34 56"
 },
 {
  "customerID": "SPECD",
  "companyName": "Spécialités du monde",
  "contactName": "Dominique Perrier",
  "contactTitle": "Marketing Manager",
  "address": "25 rue Lauriston",
  "city": "Paris",
  "postalCode": 83720,
  "phone": "32 12 34 56"
 },
 {
  "customerID": "SPLIR",
  "companyName": "Split Rail Beer & Ale",
  "contactName": "Art Braunschweiger",
  "contactTitle": "Sales Manager",
  "address": "P.O. Box 555",
  "city": "Wayne",
  "postalCode": 82520,
  "phone": "(307) 555-4680"
 },
 {
  "customerID": "SUPRD",
  "companyName": "Suprêmes délices",
  "contactName": "Pascale Cartrain",
  "contactTitle": "Accounting Manager",
  "address": "Boulevard Tirou 255",
  "city": "Charleroi",
  "postalCode": 82520,
  "phone": "(307) 555-4681"
 },
 {
  "customerID": "THEBI",
  "companyName": "The Big Cheese",
  "contactName": "Liz Nixon",
  "contactTitle": "Marketing Manager",
  "address": "89 Jefferson Way Suite 2",
  "city": "Virginia Beach",
  "postalCode": 97201,
  "phone": "(503) 555-3612"
 },
 {
  "customerID": "THECR",
  "companyName": "The Cracker Box",
  "contactName": "Liu Wong",
  "contactTitle": "Marketing Assistant",
  "address": "55 Grizzly Peak Rd.",
  "city": "Almont",
  "postalCode": 59801,
  "phone": "(406) 555-5834"
 },
 {
  "customerID": "TOMSP",
  "companyName": "Toms Spezialitäten",
  "contactName": "Karin Josephs",
  "contactTitle": "Marketing Manager",
  "address": "Luisenstr. 48",
  "city": "Karlshruhe",
  "postalCode": 44087,
  "phone": "0251-031259"
 },
 {
  "customerID": "TORTU",
  "companyName": "Tortuga Restaurante",
  "contactName": "Miguel Angel Paolino",
  "contactTitle": "Owner",
  "address": "Avda. Azteca 123",
  "city": "Guadalupe",
  "postalCode": 5033,
  "phone": "(5) 555-2933"
 },
 {
  "customerID": "TRADH",
  "companyName": "Tradição Hipermercados",
  "contactName": "Anabela Domingues",
  "contactTitle": "Sales Representative",
  "address": "Urzaiz, 122",
  "city": "Vigo",
  "postalCode": 5033,
  "phone": "(5) 555-2934"
 },
 {
  "customerID": "TRAIH",
  "companyName": "Trail's Head Gourmet Provisioners",
  "contactName": "Helvetius Nagy",
  "contactTitle": "Sales Associate",
  "address": "722 DaVinci Blvd.",
  "city": "Filadelfia",
  "postalCode": 98034,
  "phone": "(206) 555-8257"
 },
 {
  "customerID": "VAFFE",
  "companyName": "Vaffeljernet",
  "contactName": "Palle Ibsen",
  "contactTitle": "Sales Manager",
  "address": "Smagsloget 45",
  "city": "Århus",
  "postalCode": 8200,
  "phone": "86 21 32 43"
 },
 {
  "customerID": "VICTE",
  "companyName": "Victuailles en stock",
  "contactName": "Mary Saveley",
  "contactTitle": "Sales Agent",
  "address": "2 rue du Commerce",
  "city": "Bruselles",
  "postalCode": 8200,
  "phone": "87 21 32 43"
 },
 {
  "customerID": "VINET",
  "companyName": "Vins et alcools Chevalier",
  "contactName": "Paul Henriot",
  "contactTitle": "Accounting Manager",
  "address": "59 rue de l'Abbaye",
  "city": "Nantes",
  "postalCode": 51100,
  "phone": "26.47.15.10"
 },
 {
  "customerID": "WANDK",
  "companyName": "Die Wandernde Kuh",
  "contactName": "Rita Müller",
  "contactTitle": "Sales Representative",
  "address": "Adenauerallee 900",
  "city": "Bon",
  "postalCode": 70563,
  "phone": "0711-020361"
 },
 {
  "customerID": "WARTH",
  "companyName": "Wartian Herkku",
  "contactName": "Pirkko Koskitalo",
  "contactTitle": "Accounting Manager",
  "address": "Torikatu 38",
  "city": "Oulu",
  "postalCode": 90110,
  "phone": "981-443655"
 },
 {
  "customerID": "WELLI",
  "companyName": "Wellington Importadora",
  "contactName": "Paula Parente",
  "contactTitle": "Sales Manager",
  "address": "Rua do Mercado 12",
  "city": "Resende",
  "postalCode": 90110,
  "phone": "981-443656"
 },
 {
  "customerID": "WHITC",
  "companyName": "White Clover Markets",
  "contactName": "Karl Jablonski",
  "contactTitle": "Owner",
  "address": "305 - 14th Ave. S. Suite 3B",
  "city": "Clinton",
  "postalCode": 98128,
  "phone": "(206) 555-4112"
 },
 {
  "customerID": "WILMK",
  "companyName": "Wilman Kala",
  "contactName": "Matti Karttunen",
  "contactTitle": "Owner\/Marketing Assistant",
  "address": "Keskuskatu 45",
  "city": "Akaa",
  "postalCode": 21240,
  "phone": "90-224 8858"
 },
 {
  "customerID": "WOLZA",
  "companyName": "Wolski  Zajazd",
  "contactName": "Zbyszek Piestrzeniewicz",
  "contactTitle": "Owner",
  "address": "ul. Filtrowa 68",
  "city": "Warszawa",
  "postalCode": 21240,
  "phone": "(26) 642-7012"
 }
]